texts,labels
Also has a nice finish.,Appearance on skin (looks/ finish)
No longer look for matte products as matte products makes .,Appearance on skin (looks/ finish)
It dries relatively matte finish.,Appearance on skin (looks/ finish)
Foundation makes my skin glow,Appearance on skin (looks/ finish)
"Dewy look I think will look better during the summer , not for Midwest winters.",Appearance on skin (looks/ finish)
Skin loved this foundation .,Appearance on skin (looks/ finish)
Very oily forehead.,Appearance on skin (looks/ finish)
Shine is an issue for me.,Appearance on skin (looks/ finish)
One is not matte,Appearance on skin (looks/ finish)
Skin looks like my skin is glowing.,Appearance on skin (looks/ finish)
"Product did not experience any "" glow "" from this product",Appearance on skin (looks/ finish)
Quite liked this color correcting full coverage cream dewy finish.,Appearance on skin (looks/ finish)
"However,,It was too dewy for my skin.",Appearance on skin (looks/ finish)
Foundation is not super glowy,Appearance on skin (looks/ finish)
Do not see the glow,Appearance on skin (looks/ finish)
Matte versions not the best for longevity.,Appearance on skin (looks/ finish)
Gives me a Nice glow.,Appearance on skin (looks/ finish)
"First off , this products matte finish",Appearance on skin (looks/ finish)
Glowing effect lasts for several hours .,Appearance on skin (looks/ finish)
Love matte coverage.,Appearance on skin (looks/ finish)
Sheen is a bit too greasy looking.,Appearance on skin (looks/ finish)
Skin overall is just so bad,Appearance on skin (looks/ finish)
Even out your complexion.,Appearance on skin (looks/ finish)
Also have a lot of redness on i face,Appearance on skin (looks/ finish)
Prefer the glow finish verses,Appearance on skin (looks/ finish)
"Love that the finish is "" like skin "" .",Appearance on skin (looks/ finish)
More satin in my opinion.,Appearance on skin (looks/ finish)
Love the fact that is Matte finish,Appearance on skin (looks/ finish)
Gives a nice glow,Appearance on skin (looks/ finish)
Usually do not like a matte finish,Appearance on skin (looks/ finish)
Foundation looks closer to a slightly matte skin - like finish.,Appearance on skin (looks/ finish)
Dewy finish I love.,Appearance on skin (looks/ finish)
Influenster have a glow version,Appearance on skin (looks/ finish)
Skin looked flawless with hardly any texture.,Appearance on skin (looks/ finish)
Does not leave any glow to the skin,Appearance on skin (looks/ finish)
Your like a really dewy finish,Appearance on skin (looks/ finish)
Is not a matte product.,Appearance on skin (looks/ finish)
"Truly looks like skin , .",Appearance on skin (looks/ finish)
Does not give that dried down matte look,Appearance on skin (looks/ finish)
"As such , my skin is changing",Appearance on skin (looks/ finish)
Radiant and contains hyaluronic acid,Appearance on skin (looks/ finish)
Glowing look,Appearance on skin (looks/ finish)
Liked the natural glow,Appearance on skin (looks/ finish)
Finish settles into pores,Appearance on skin (looks/ finish)
Has a very dewy texture to this color.,Appearance on skin (looks/ finish)
Has a natural looking finish,Appearance on skin (looks/ finish)
"Also , that my face started looking oily.",Appearance on skin (looks/ finish)
Really did have a glow.,Appearance on skin (looks/ finish)
Love the finish on my skin.,Appearance on skin (looks/ finish)
Prefer a matte finish,Appearance on skin (looks/ finish)
Thought this this foundation did a decent job,Brand/ Product
Foundation looks natural .,Brand/ Product
Foundation from dior\s forever line was not matte in appearance.,Brand/ Product
Keep trying this foundation over,Brand/ Product
Used a bit less concealer,Brand/ Product
Was hesitant of this foundation at first because i m very picky.,Brand/ Product
Will continue to use this foundation.,Brand/ Product
Foundation is great.,Brand/ Product
Is becomes i new favorite foundation now ! ! !,Brand/ Product
Color was too light as a concealer,Brand/ Product
Foundation is def worth the price.,Brand/ Product
Would love to see this foundation improved,Brand/ Product
Why did lancome change the formula ?,Brand/ Product
More matte coverage foundation always gets cakey .,Brand/ Product
Hated another popular brand,Brand/ Product
Lancome foundation is lightweight,Brand/ Product
Product IS AMAZING !,Brand/ Product
Foundation matches my skin tone,Brand/ Product
Foundation is downright perfect for my oily skin.,Brand/ Product
"First off , it was very hard to give this product a fair review",Brand/ Product
One of the associates told me to give this foundation a try.,Brand/ Product
Love this foundation !,Brand/ Product
Poor product,Brand/ Product
Is my go to foundation.,Brand/ Product
Used to buy this foundation before.,Brand/ Product
Love love love this foundation !,Brand/ Product
Foundation is honestly gorgeous - when applied properly.,Brand/ Product
Gave this product 3 stars BC again like I stated this product did not come with instructions,Brand/ Product
Think this foundation will work amazing,Brand/ Product
Matte finish makes this foundation my favorite.,Brand/ Product
Foundation lays perfectly on my face.,Brand/ Product
Definitely recommend this foundation.,Brand/ Product
Ended up enjoying this product,Brand/ Product
Many other brands.,Brand/ Product
Really like this new foundation,Brand/ Product
Would recommend concealer over as this is more medium coverage,Brand/ Product
Will continue using this foundation for everyday use,Brand/ Product
Now I need to return.,Brand/ Product
See was not the case with the Lancome !,Brand/ Product
Love the fact,Brand/ Product
Really tried to like this foundation,Brand/ Product
Worst foundation I have ever tried .,Brand/ Product
Is difficult to find foundation that I like.,Brand/ Product
Matte foundation lasts all day.,Brand/ Product
Love this one,Brand/ Product
Loved this product,Brand/ Product
Why did lancome change the color names ?,Brand/ Product
Is such a strange product.,Brand/ Product
Wow did this product work well.,Brand/ Product
Very impressed with this foundation,Brand/ Product
Color was too light,Color
One in the same shade was much darker .,Color
Color was too yellow for me .,Color
Shade oxidizes,Color
Needed one shade darker.,Color
Color I received,Color
Hint of yellow makes .,Color
Used the online colour matching tool perfect colour !,Color
Color match was not correct,Color
Color is completely off,Color
Color was way off from i skintone.,Color
Ve had to work to get a color match.,Color
Is a bit dark for me,Color
Color here is dark so .,Color
Color is totally different,Color
Choice of colors was off for me,Color
Did not expect this one to have such a heavy orange for such a light shade,Color
Color is a little to dark,Color
Garish orange makes me look like a clown.,Color
Lighter shade would be even better.,Color
After the first use this cc cream in the color light medium oxidized .,Color
Color like this one is the wrong color match .,Color
After it oxidized a bit was was more noticeable,Color
Is a bit dark for me now,Color
Color is way off .,Color
Different shade was lighter,Color
Color is too dark,Color
Fair light color was so dark .,Color
Medium color is darker than expected.,Color
Happened to the color ?,Color
Color is not correct .,Color
Was a lottt darker,Color
Darker than I expected.,Color
Next time I will go for a darker shade.,Color
Color wass more of an issue with me,Color
Color is a little darker,Color
Thought the color is too light,Color
Wish there was a color between the Light,Color
Had to mix 2 colors to get the color correct.,Color
Two other brands looked the least orange,Color
Was a tad to orange for my skintone,Color
Made the mistake of ordering a bit too dark,Color
Color looking like the color may be too dark.,Color
Sometimes colors Do nt match well always have teouble with color .,Color
Really was not my color,Color
Color is a little yellow for me.,Color
Did oxidize on me a little .,Color
Color was not an exact match,Color
White cast,Color
Is one of the darkest shades,Color
Coverage foundation does nt last as long as I would like,Coverage
Would consider the foundation full coverage,Coverage
Have never found a buildable medium coverage foundation,Coverage
Goes on smoothly with mid - to full coverage.,Coverage
Covers everything,Coverage
For something so full coverage I was expecting,Coverage
Great coverage,Coverage
Love how this foundation feels on also the coverage.,Coverage
Has great coverage,Coverage
Foundation be cautious especially for those with aged skin .,Coverage
Cream full coverage is amazing,Coverage
Foundation is perfect for you.,Coverage
Coverage : The foundation is thin .,Coverage
Great coverage !,Coverage
Coverage is fairly sheer,Coverage
Foundation wants more coverage,Coverage
Does not provide medium coverage,Coverage
Foundation applies effortlessly .,Coverage
Gives full coverage,Coverage
Coverage looks great on !,Coverage
Little coverage,Coverage
Normally find full - coverage foundations to be sticky,Coverage
Coverage is buildable.,Coverage
Is exactly what I am looking for for a full coverage Foundation.,Coverage
Medium coverage i love,Coverage
One has nice even smooth coverage .,Coverage
Foundation is a natural feeling.,Coverage
Like a light coverage.,Coverage
To anyone looking for a full coverage,Coverage
Minimal coverage.,Coverage
Do not agree that this foundation is full coverage.,Coverage
Foundation is not full coverage .,Coverage
Coverage get,Coverage
Coverage is nothing to rave about.,Coverage
Wish this foundation provided more coverage,Coverage
Get more coverage,Coverage
Coverage is tgreat.,Coverage
Would say this foundation is light coverage,Coverage
Coverage still need some coverage,Coverage
Foundation is easy to apply.,Coverage
Medium coverage s ok for me,Coverage
Still giving that coverage.,Coverage
Coverage provided was medium,Coverage
M not a full coverage fan.,Coverage
Product is a little too much coverage for me !,Coverage
Coverage appears to be buildable.,Coverage
"Foundation is LIGHT coverage , so light",Coverage
Full coverage without SPF .,Coverage
Foundation wears horribly,Coverage
Flawless coverage ! ! !,Coverage
Love the result.,Effectiveness
"Might just need a primer , !",Effectiveness
Def something to know.,Effectiveness
"Horrible , I do not recommend itand",Effectiveness
Am still happy with the results,Effectiveness
Super potent,Effectiveness
Will see results instantly.,Effectiveness
Really good product !,Effectiveness
Did not make a difference.,Effectiveness
Absorbs quickly,Effectiveness
Results are incredible.,Effectiveness
Can not say I see a huge difference yet,Effectiveness
Love taking care of my skin. !,Effectiveness
Can use this formulas !,Effectiveness
Best Serum blends well .,Effectiveness
Serum left me with great results,Effectiveness
Serum is really good.,Effectiveness
Have no idea,Effectiveness
Be careful - a little goes a long way.,Effectiveness
Finallt tried this after always seeing .,Effectiveness
Thing That was below my expectation.,Effectiveness
Is nt for everyone.,Effectiveness
Have noticed changes to my skin,Effectiveness
Serum is one of the best Serum I have tried.,Effectiveness
Results noticeable,Effectiveness
Am returning this product Asap.,Effectiveness
Saw a huge improvement after using this,Effectiveness
Have no idea,Effectiveness
One hands down is definitely worth the price.,Effectiveness
Better results.,Effectiveness
When blending I found it difficult to get a nice seamless blend .,Effectiveness
Went on So Smooth.,Effectiveness
Bottle lasts a really long time.,Effectiveness
Just di do not work for me.,Effectiveness
Noticed a significant difference in my skin,Effectiveness
Far I like this product a lot !,Effectiveness
Best serum eves gentle on the skin,Effectiveness
Offers long - term result,Effectiveness
Older I get the more dry my skin will get,Effectiveness
Had heard so many great things about this product.,Effectiveness
Pretty certain I will not buy this one again though .,Effectiveness
Goes on like a dream.,Effectiveness
Is blends well,Effectiveness
Excellent product.,Effectiveness
Can confirm this products worth the hype,Effectiveness
Great product .,Effectiveness
Product absorbed very quickly.,Effectiveness
Product absorbs very quickly,Effectiveness
Product is a little pricey for my taste.,Effectiveness
Product is worth the money .,Effectiveness
Also still feeling thin on my skin,Feel
Is so lightweight on my skin,Feel
Could not get over texture.,Feel
Burning feeling,Feel
Was frustrated with oily skin.,Feel
"Noticed this formulation is a little more "" dry",Feel
Skin is more oily.,Feel
New formula is terrible very drying .,Feel
Texture is thin,Feel
No greasy feeling.,Feel
Did feel greasy with this product.,Feel
Foundation does feel thick when applying,Feel
Product to review feels so thin,Feel
Light weight,Feel
Liked the lighter feel.,Feel
Of oily skin for so long you can not help .,Feel
Formula was very lightweight .,Feel
Did like how the color made my texture.,Feel
Areas get oily.,Feel
Texture felt so smooth !,Feel
"New texture is dry , .",Feel
Felt light weight.,Feel
Product is so lightweight .,Feel
Light feeling,Feel
Feels !,Feel
Love feel.,Feel
Does not feel greasy after apply to my face.,Feel
Very thick formula.,Feel
Bit greasy.,Feel
Find this CC cream to be very lightweight .,Feel
Consistency is a bit thick.,Feel
Comes on greasy for me.,Feel
Formula is much thinner,Feel
Weird texture,Feel
M naturally oily as the day goes on,Feel
Not liquidly texture .,Feel
Is a bit oily .,Feel
Burning feeling.,Feel
Feel .,Feel
One leaves a matte finish while feeling breathable.,Feel
Product is not super thick,Feel
Feels like you do not have anything,Feel
New product makes i skin more oily .,Feel
Product felt very greasy on my skin .,Feel
With oily skin may not appreciate this due to its luminosity,Feel
Felt that the formula emphasized texture .,Feel
Texture is to thick,Feel
Feels does not have an oily residue.,Feel
Consistency is very watery,Feel
New formula actually accentuates texture more,Feel
Smells great .,Fragrance
Am sensitive to scents :.,Fragrance
Smells wonderful,Fragrance
Can usually tolerate a vast variety of fragrances in beauty products,Fragrance
Scent is mild,Fragrance
M not sure why there would be fragrance added.,Fragrance
Terrible Smell,Fragrance
Complaint is with the smell.,Fragrance
Wish I had known this product had so much fragrance,Fragrance
Burnt popcorn scent made me a little skeptical,Fragrance
Smell is way too strong.,Fragrance
How bad this smells,Fragrance
Smell does nt seem fake .,Fragrance
Scent is enjoyable.,Fragrance
"Very heavy perfume,-like fragrance I personally do not enjoy.",Fragrance
"Scent just smells a little too strong , not overpowering .",Fragrance
Smells great !,Fragrance
Chemical smelled like bug repellent.,Fragrance
Hotdog water smell is not pleasant.,Fragrance
Scent was a very strong perfumey smell.,Fragrance
Floral scent is lovely .,Fragrance
Scent is not really strong,Fragrance
Scent was not strong,Fragrance
Strong smell was kind of citrusy.,Fragrance
Smells like Fish,Fragrance
Di do not like the smell ?,Fragrance
No scent I greatly appreciated as well.,Fragrance
"Unfortunately , the fragrance is entirely too strong .",Fragrance
Also did not notice any particularly scent,Fragrance
Scent is very overwhelming.,Fragrance
Love how this product smells,Fragrance
Did not love the smell as much,Fragrance
Has a pleasant smell .,Fragrance
Has a light scent,Fragrance
Smell was not bad,Fragrance
Smell is too strong for me .,Fragrance
Scent I dislike,Fragrance
Product also has an amazing fragrance to this product !.,Fragrance
"Can see the Scent,,but being irritating to someone who is sensitive to scents",Fragrance
Light floral scent wears off.,Fragrance
Scent is faint .,Fragrance
Does nt have a scent,Fragrance
Scent did not bother me much.,Fragrance
Fragrance did give me a bit of a headache.,Fragrance
Does have a weird smell .,Fragrance
Really do not mind the strong perfume scent.,Fragrance
Subtle scent,Fragrance
Not crazy about it having a scent.,Fragrance
Actually really not much fragrance at all.,Fragrance
Was not a fan of the smell though,Fragrance
Very nice buildable coverage blends beautifully into the skin.,Healthy Skin
Restoring the skins glow,Healthy Skin
Thanks to glow foundationssss rich formula .,Healthy Skin
Like the ingredient list having a lot of hydrating skincare benefits.,Healthy Skin
Makes my skin look,Healthy Skin
Just hydrated happy skin !.,Healthy Skin
Complexion is much brighten overall.,Healthy Skin
Highly recommend Teint Idole Glow Foundation.,Healthy Skin
Skin looks great on you,Healthy Skin
Skin look lovely,Healthy Skin
Skin is looking more youthful !,Healthy Skin
Gorgeous new neo glow foundation leaves your skin with natural fresh looking skin,Healthy Skin
Foundation gave me a healthy glow,Healthy Skin
Product is really good for your skin ! !,Healthy Skin
Did feel like my skin was brighter,Healthy Skin
Now that i am getting closer to forty skin is not what my skin used to be,Healthy Skin
Notice my skin looking more radiant too .,Healthy Skin
Skin looks so beautiful so young,Healthy Skin
Feel like my skin has been feeling more radiant.,Healthy Skin
Skin was firmer brighter !,Healthy Skin
Skin has became firmer brighter .,Healthy Skin
No longer have the most youthful skin,Healthy Skin
Also giving my skin a beautiful,Healthy Skin
Skin look good,Healthy Skin
Is giving healthy skin !,Healthy Skin
Product has made my skin glow .,Healthy Skin
Make i look older,Healthy Skin
Skin looks healthier fresher .,Healthy Skin
Product leaves your skin glowing,Healthy Skin
Great for mature skin.,Healthy Skin
Skin looks really great,Healthy Skin
Skin is obviously a little aged,Healthy Skin
Love how glow evens out my complexion its non - comedogenic,Healthy Skin
Skin look dead,Healthy Skin
Skin looks amazing so supple so soft .,Healthy Skin
Skin feels fresh .,Healthy Skin
Skin simply look,Healthy Skin
Great skin !,Healthy Skin
Skin is beautiful,Healthy Skin
Leaves the skin with a healthy glow,Healthy Skin
Letting your skin look beautiful .,Healthy Skin
Skin seems brighter.,Healthy Skin
Very good for your skin,Healthy Skin
Healthy glow lasts all day long.,Healthy Skin
Face gives my skin a glow,Healthy Skin
Skin is already looking healthier.,Healthy Skin
Clears up you skin,Healthy Skin
Skin to look younger,Healthy Skin
Want beautiful looking skin,Healthy Skin
Skin feel great,Healthy Skin
Would recommend if you need help staying asleep .,Improves Sleep for me and my family
Get a more restful night of sleep !,Improves Sleep for me and my family
Fall asleep fast .,Improves Sleep for me and my family
Easily fall asleep,Improves Sleep for me and my family
Have no trouble falling asleep,Improves Sleep for me and my family
Nice sweet treat helps me fall asleep.,Improves Sleep for me and my family
Helped me fall asleep,Improves Sleep for me and my family
Fall asleep in minutes.,Improves Sleep for me and my family
Keeps me up all night,Improves Sleep for me and my family
Great to help me fall asleep.,Improves Sleep for me and my family
Have been able to fall asleep quicker .,Improves Sleep for me and my family
Sleep has improved tremendously.,Improves Sleep for me and my family
Evidence proves it helps with sleep.,Improves Sleep for me and my family
Wake up feeling rested .,Improves Sleep for me and my family
Stay asleep own well being.,Improves Sleep for me and my family
Make me sleep so well,Improves Sleep for me and my family
Within 10 minutes I am asleep,Improves Sleep for me and my family
Product helps me stay asleep all night.,Improves Sleep for me and my family
Fell asleep faster with these !,Improves Sleep for me and my family
Assist my husband in relaxing,Improves Sleep for me and my family
Help i fall asleep faster,Improves Sleep for me and my family
Have been waking up feeling overall refreshed.,Improves Sleep for me and my family
Definitely a great way to wind down.,Improves Sleep for me and my family
Also helped me stay asleep all night long .,Improves Sleep for me and my family
Definitely worth giving a try if you also need help getting some sleep.,Improves Sleep for me and my family
Perfect for sleeping.,Improves Sleep for me and my family
Was able to still wake up in the night with the baby .,Improves Sleep for me and my family
Is better then The regular sleep aid,Improves Sleep for me and my family
Helps me get to sleep,Improves Sleep for me and my family
Melatonin are very soft,Improves Sleep for me and my family
Would highly recommend it to anyone looking to have a good night sleep,Improves Sleep for me and my family
Am always cautious when taking sleep meds,Improves Sleep for me and my family
Highly recommend trying these if you are having trouble sleeping.,Improves Sleep for me and my family
Get to sleep with all the pain I was in,Improves Sleep for me and my family
Gently lifts your mind so you can easily fall asleep.,Improves Sleep for me and my family
Have not slept this good in such a long time.,Improves Sleep for me and my family
Slept well,Improves Sleep for me and my family
One put me to sleep right away,Improves Sleep for me and my family
Help me fall asleep naturally .,Improves Sleep for me and my family
Product definitely helps deliver all three aspects of staying asleep.,Improves Sleep for me and my family
Within an hour I was fast asleep.,Improves Sleep for me and my family
Slept a great .,Improves Sleep for me and my family
Am able to stay asleep the whole night .,Improves Sleep for me and my family
Help me sleep any better,Improves Sleep for me and my family
Recommend these tablets to anyone who has a hard time falling asleep sometimes.,Improves Sleep for me and my family
Am able to crawl right back in bed .,Improves Sleep for me and my family
Tablets have had a wonderful effect on my sleeping patterns.,Improves Sleep for me and my family
"For some reason , melatonin has always been hit for me .",Improves Sleep for me and my family
Within fifteen to twenty minutes I am relaxed enough to fall asleep.,Improves Sleep for me and my family
Have been able to get to sleep easier.,Improves Sleep for me and my family
Glad I did.,Love The Product
One is fantastic,Love The Product
Melatonin gummies work pretty fast !,Love The Product
Cvs health melatonin tastes great .,Love The Product
Jade eye roller feels great !,Love The Product
Actually like this.,Love The Product
Really love this starter kit !,Love The Product
Amazing sleep gummies does what these amazing sleep gummies supposed to do,Love The Product
Have been taking this chewable vitamin for a really long time.,Love The Product
Love everything about these : the effectiveness.,Love The Product
Brand works great.,Love The Product
10 10 !,Love The Product
Feel good taking the pills both for my baby.,Love The Product
Amazing !,Love The Product
Just love the CVS Health Timed Release Melatonin 5 mg tablets.,Love The Product
Really see a difference when using,Love The Product
Actually look forward to using these multi vitamins !,Love The Product
Makes great vitamins,Love The Product
Have been taking melatonin gummies for a while now to help me sleep.,Love The Product
Pre - Natal vitamins do not rub off !,Love The Product
Plan to purchase these again once I run out.,Love The Product
Makes taking my daily vitamins enjoyable.,Love The Product
New jade roller feels so smooth,Love The Product
Buy one get one fifty% off.,Love The Product
The trusted brand reputation make nature made postnatal multivitamin an excellent choice for breastfeeding moms like myself.,Love The Product
"With these though , as soon as I woke up I felt not tired at all.",Love The Product
Have been using this product almost every night.,Love The Product
Good,Love The Product
Are an affordable alternative to highly potent,Love The Product
Am so glad to be able to try a jade roller now !,Love The Product
Overall these gummies are great,Love The Product
Love these,Love The Product
Gummies have been a staple in my everyday routine,Love The Product
Super impressed with these gummies !,Love The Product
Have ordered these for years,Love The Product
Received this for free from Influenster in exchange for an honest review.,Love The Product
Have been using them for years.,Love The Product
Is nice to be able to consolidate down to just one tablet.,Love The Product
Bought these as they seem to be the exact same as the more expensive brands.,Love The Product
Think it is great !,Love The Product
Is one of my favorites .,Love The Product
Are fine.,Love The Product
Groggy hangover feeling gummies give the next morning.,Love The Product
"One , i feel like i will go through this pretty fast compared to other brands i have tried",Love The Product
Really big bottle nd its a great way to get in your fish oil without the nasty taste,Love The Product
Are great.,Love The Product
Its amazing.,Love The Product
Love how affordable the brand is !,Love The Product
Good for you.,Love The Product
Do not get weird dreams like i do with other brands !,Love The Product
Have used this product for so long.,Multi Use
Ve been using this product for several weeks now,Multi Use
Ve been using this product for 12 years,Multi Use
Double serum makes my face very hydrated .,Multi Use
Enjoyed trying this double serum.,Multi Use
Have been using the double serum for years.,Multi Use
Double Serum was a very good product.,Multi Use
Double Serum is a great product !,Multi Use
Fabulous double serum has kept my skin,Multi Use
Have been using this about 6 years now,Multi Use
"Also , I do not care for the smell.",Multi Use
Use this product nights.,Multi Use
Double serum !,Multi Use
Double serum is definitely a product I would consider in the future.,Multi Use
"Double serum gives my skin a make over , really !",Multi Use
Love the double serums.,Multi Use
Used morning !,Multi Use
Use it every night !.,Multi Use
Double serum alot works nicely.,Multi Use
After continued use.,Multi Use
Have used this product for almost 20 years.,Multi Use
Ve been using this for several years now,Multi Use
Use it at night .,Multi Use
Triple Serum.,Multi Use
Double serum really works.,Multi Use
Double serum is so unique .,Multi Use
Double serum really makes my skin look hydrated instantly,Multi Use
Love Double Serum Makes my face feel smooth .,Multi Use
Love the Double Serum.,Multi Use
Double serum has been such an amazing product,Multi Use
Double serum is well made,Multi Use
Absolutely love the double serum.,Multi Use
Double serum just did not work that well on me,Multi Use
Ve been using this product for a couple of weeks .,Multi Use
Use this stuff daily,Multi Use
Do not recommend the double Serum if you are expecting HUGE results within short period of time.,Multi Use
Have used this product for 3 years.,Multi Use
Double Serum was just ok.,Multi Use
Really liked to try this double serum.,Multi Use
Have been using this product for almost a year.,Multi Use
Will continue to use this product myself.,Multi Use
Loved my sample !,Multi Use
Really enjoyed using a sample,Multi Use
After two days of use.,Multi Use
Have been using this product for years !,Multi Use
Would definitely recommend double serum.,Multi Use
Double serum anti - anti - wrinkle serum really makes a difference on my skin care routine.,Multi Use
Use it night !,Multi Use
Absolutely LOVE this double serum.,Multi Use
Is my second bottle .,Multi Use
Feels good after using it.,Product Performance
Sample of the new serum burned during application,Product Performance
Eye seems to take a few minutes to dry,Product Performance
Serum provides hydration .,Product Performance
Serum was not hydrating.,Product Performance
Of the serum was very nice,Product Performance
Serum has a dry consistency,Product Performance
Feels great on your skin.,Product Performance
Serum is so hydrating !,Product Performance
Serum is very hydrating non,Product Performance
Serum formula did feel nice on my skin,Product Performance
Product smooths,Product Performance
Texture is smooth very light non - greasy .,Product Performance
Serum did make my skin super hydrated.,Product Performance
Consistency of this ferulic keeps getting lighter.,Product Performance
Magic moisturizers .,Product Performance
Skin feels moisturized,Product Performance
Let i start off by saying the scent is amazing.,Product Performance
Texture is oily.,Product Performance
Serum hydrates my face,Product Performance
Product help with texture,Product Performance
Have not noticed a difference other,Product Performance
Product add a glow,Product Performance
Think this serum is pretty neat,Product Performance
Product is Nice.,Product Performance
Dispenser is complete Garbage.,Product Performance
Liked the smell.,Product Performance
Like that it was not greasy .,Product Performance
Love the feeling,Product Performance
Skin has never felt smooth.,Product Performance
Product is silky.,Product Performance
Is a great serum.,Product Performance
"Unfortunately , within a couple of days using this acid as instructed",Product Performance
New serum caused terrible burning sensation to eye area,Product Performance
Overall I liked this face serum for the time I was able to use this face serum.,Product Performance
Serum is okay.,Product Performance
Sticky feel,Product Performance
Product di do not feel greasy .,Product Performance
Product smells very luxurious,Product Performance
Product has a nice creamy texture,Product Performance
Product felt amazing !,Product Performance
Texture is silky .,Product Performance
Strong fragrance I do not enjoy.,Product Performance
Fine lines were blurred,Product Performance
Skin has remained free from any dryness .,Product Performance
One goes on smooth,Product Performance
Product was extremely hydrating .,Product Performance
Serum leaves my skin feeling greasy for quite a while,Product Performance
Product smelled really good,Product Performance
Product goes on very smooth .,Product Performance
Strongly recommend this one !,Recommendations
Definitely recommend if you are looking for an easy and dewy,Recommendations
Love this product !,Recommendations
Absolutely love the product for the coverage of course !,Recommendations
Absolutely love this product !.,Recommendations
Definitely recommend to anyone love my discounts .,Recommendations
Ended up giving this product to a family member,Recommendations
Also really appreciate it has SPF !.,Recommendations
Hope this review helps,Recommendations
Here why will definitely purchase this product again,Recommendations
Purchased this item after reading the fab reviews .,Recommendations
Try this product,Recommendations
Have already recommended this product to my besties.,Recommendations
Was given this product for free to try .,Recommendations
Thoughts are 100 %.,Recommendations
Ill never repurchase because of the packaging.,Recommendations
Loved this product - was buildable long lasting.,Recommendations
Great addition to my makeup kit ! .,Recommendations
Highly recommend this product to Everyone,Recommendations
Would definitely recommend this product to friends,Recommendations
Is a huge plus in my book.,Recommendations
Would highly recommend purchasing this product.,Recommendations
Will definitely buy this product again.,Recommendations
Is an excellent choice !,Recommendations
Bought this with the high hopes after reading so much good reviews.,Recommendations
"In all , I absolutely love this product .",Recommendations
Would definitely suggest for anyone looking to invest in a high quality foundation.,Recommendations
Had high hopes for this product.,Recommendations
Do not waste time with inadequate products.,Recommendations
Wanted to try this product.,Recommendations
Can no longer use this product.,Recommendations
Love this product ! !,Recommendations
Would recommend it to my family .,Recommendations
Do like this product.,Recommendations
Also recommend to friends,Recommendations
Was really impressed with buildability.,Recommendations
Love this producto.,Recommendations
Ca nt even use the product.,Recommendations
Do like this product.,Recommendations
"Overall , i love this product .",Recommendations
Reviews were great.,Recommendations
Will for sure purchase this product in the future when i run out !,Recommendations
Very happy overall with this product,Recommendations
Would definitely recommend to anyone looking for something lightweight .,Recommendations
D recommend this to anyone !,Recommendations
Would not recommend if you do not like oil,Recommendations
Recommending this product,Recommendations
Will find another brand as my go to.,Recommendations
Would buy this product .,Recommendations
Think this product is a great value .,Recommendations
Many reviews of the best Vitamin C serums out there,Serum Types
Clinique smart clinical repair wrinkle correcting serum also prevents further deep wrinkles to develop,Serum Types
Triple serum is made with multiple high quality ingredients to make a triple serum.,Serum Types
Having used the sample of Clinique Smart Clinical Repair Wrinkle Correcting Serum I was surprised to find a product,Serum Types
Triple Serum is really great.,Serum Types
Serum so easily absorbs into my skin,Serum Types
Serum is hands down the best vitamin C Serum I have ever used.,Serum Types
Best vitamin C serum I ve used.,Serum Types
Actually did not really care for the clarins double serum all that much I hate to say,Serum Types
Of all the Vitamin C Serums i ve tried this vitamin c serum is by far i favorite.,Serum Types
Serums feels pretty oily,Serum Types
Also love that the clarins double serum applies like a Moisturizer,Serum Types
Serum softens wrinkles .,Serum Types
"Repair "" wrinkle correcting serum is a positive addition to my new skin care routine.",Serum Types
One of all three serums works,Serum Types
Serums is rather thin .,Serum Types
Serum has visibly reduced my wrinkles .,Serum Types
Best vitamin c serum ve every used,Serum Types
Serum has ferulic acid,Serum Types
Serum is seriously the best of the best vitamin C serum out there.,Serum Types
Do not like greasy Serums.,Serum Types
"Overall , the Clarins Double Serum is a great addition to any skincare routine.",Serum Types
Do nt waste time clarins double serum kit does not get the results you expect.,Serum Types
Serum had hyaluronic acid,Serum Types
Clinical Wrinkle Correcting Serum was easy to use,Serum Types
Serum is worth checking out.,Serum Types
Best vitamin C Serum I ve ever used.,Serum Types
Serum feels greasy,Serum Types
Absolutely love this Vitamin C Serum !,Serum Types
Smart clinical repair wrinkle correcting serums a gel - like consistency that absorbs quickly on the skin.,Serum Types
Triple serums a great addition to my skin care routine.,Serum Types
Serum is on a greasy side.,Serum Types
Is the best vitamin C Serum I have ever used.,Serum Types
Double serum from clarins is a little messy,Serum Types
Have not been impressed with the triple serum .,Serum Types
Has made a awesome wrinkle correcting serum.,Serum Types
"Clinique Smart Clinical Repair "" Wrinkle Correcting Serum goes on Nicely .",Serum Types
Serum is fast to absorb,Serum Types
"Double serum has a double formula , oily",Serum Types
Most vitamin C serums are nt worth the hype,Serum Types
Serum Clarins Double Serum Lipidic System ).,Serum Types
Triple Serum is amazing.,Serum Types
Serums super light .,Serum Types
After trying the double serum by Clarins I am hooked.,Serum Types
Triple serum works great.,Serum Types
Serums greasy,Serum Types
Serum has hyaluronic acid,Serum Types
Smart clinical repair wrinkle correcting serum definitely helps with reducing wrinkles,Serum Types
Definitely recommend trying the Clarins Double Serum.,Serum Types
Serum absorbed easily,Serum Types
Dissatisfaction is over the quality of the packaging,Shopping
Of the samples had a little bit of prices,Shopping
"Once again , a favorite Clinique product of mine is discontinued for something better .",Shopping
Price point is a little scary,Shopping
Absolutely plan to buy this serum in the full size version.,Shopping
Will be purchasing this serum for sure.,Shopping
Try something else as other products kept evolving,Shopping
Just di do not like the squeeze tubes the product came in.,Shopping
Shame on Clinique for not having products,Shopping
Think the price is steep for an eye cream.,Shopping
"Would have liked to have more information on the packaging on where b""cliniques smart clinical repair wrinkle correcting serum should be used in my face care routine I use multiple serums",Shopping
Due to price not sure we will be adding it to the daily products.,Shopping
Had a half days worth of product to try so without atleast a week,Shopping
Can not wait to buy more !,Shopping
Price point is a bit up there.,Shopping
Am willing to purchase the whole product .,Shopping
Double serum for eye is really not worth the money unfortunately.,Shopping
Issue with the sample packaging a bit messys all.,Shopping
Would have like a bit more product to use over a longer period of time.,Shopping
Cost is too high for the price.,Shopping
Even ask me to write down the brand .,Shopping
Many products Do nt yield results .,Shopping
Directed me to a different brand .,Shopping
Retinol serum is definitely a bit pricey !.,Shopping
I honestly could not tell any difference at all after using the product.,Shopping
Will be purchasing the full size products.,Shopping
Do not understand why this product does not come in a light tight bottle with a pump,Shopping
Could not get this product,Shopping
Price of this product is painful.,Shopping
Could not use your product.,Shopping
Made it difficult for i to use the product properly .,Shopping
No price match ? !,Shopping
Recommend this product.,Shopping
"Was tired of spending a lot of money on facial creams,,lotions",Shopping
"However,,It is over priced with no free shipping.",Shopping
Am not sure where the reviews are coming from as far as the bottle not working.,Shopping
Ireally wanted to love thisproduct.,Shopping
Super highly rated skinceuticals product is too dang expensive to toss out,Shopping
Have been purchasing this product for over 10 years,Shopping
"However,,For the price I do not think",Shopping
I repurchase,Shopping
Product is a little on the thick side .,Shopping
At first I felt like this serum is was oily.,Shopping
Do not think I will be purchasing again,Shopping
Price remains no where,Shopping
Waited a couple weeks to review the product .,Shopping
"For me , sadly , this product was not worth the hype , especially",Shopping
Am very disappointed that there s no mention anywhere in the product description that this may happen.,Shopping
Price point makes me unlikely to repurchase.,Shopping
Can not afford the price of this serum,Shopping
"Last third week My skin started peeling off the skin in Soreness , redness .",Skin Condition
Was having a bad skin day.,Skin Condition
Do not know if I noticed any improvements with wrinkles,Skin Condition
Is very oily .,Skin Condition
Do not really see any difference for the texture on my skin.,Skin Condition
Caused me to breakout.,Skin Condition
Did not notice any difference in my skin.,Skin Condition
Ca nt tell any difference in my skin.,Skin Condition
Faint stinging feeling is not proof of anything I suppose.,Skin Condition
Irritating my skin like most.,Skin Condition
Have some dark spot on i cheek.,Skin Condition
Otherwise makes skin very dry.,Skin Condition
Is very oily slightly sticky.,Skin Condition
Other retinol products irritated my skin,Skin Condition
Completely blurred my hyperpigmentation,Skin Condition
Want to say that I normally have redness,Skin Condition
"Did not diminish my fine lines around eyes,,forehead .",Skin Condition
Have more dry sensitive skin.,Skin Condition
Did not notice a huge difference in i fine lines .,Skin Condition
Have blemishes,Skin Condition
Shade match worked out for my deep dark neutral skin.,Skin Condition
Made i skin a little too oily,Skin Condition
Also covers brown spots.,Skin Condition
Think my skin feels just less calm.,Skin Condition
Have dark spots without looking.,Skin Condition
Acne prone skin,Skin Condition
Did not notice any changes in my skin,Skin Condition
Did not not irritate skin,Skin Condition
Skin felt a little burning.,Skin Condition
Skin has been burning ever,Skin Condition
Is too soon to say that it is effective with wrinkles,Skin Condition
Did not notice any change in my skin at all.,Skin Condition
Have not noticed any difference in my dark spots,Skin Condition
Have not seen a difference in my skin what so ever.,Skin Condition
Skin will glow.,Skin Condition
Have seen a drastic change in skin texture .,Skin Condition
Dry skin is prone to eczema,Skin Condition
No major difference in skin.,Skin Condition
Skin was just glowing !,Skin Condition
Noticed that my fine lines were not as visible.,Skin Condition
Wrinkles seemed to fade out,Skin Condition
Leaves my skin too oily for day use,Skin Condition
Have several areas of concern regarding i facial wrinkles.,Skin Condition
"Unfortunately , the new formula did not work for my skin type",Skin Condition
Can feel a little bit greasy at first,Skin Condition
Skin looked red most of the time,Skin Condition
Have noticed a dramatic shrinkage in my larger pores .,Skin Condition
Always makes me break out,Skin Condition
Am oily,Skin Condition
Have noticed a difference in the texture of my skin.,Skin Condition
Product goes on smooth .,Soft/ Smooth Skin
Still does nt settle into fine lines.,Soft/ Smooth Skin
Nice smooth texture to i skin,Soft/ Smooth Skin
Does not settle into wrinkles.,Soft/ Smooth Skin
Had an smooth complexion.,Soft/ Smooth Skin
Feels very soft on the skin,Soft/ Smooth Skin
Start to get fine lines.,Soft/ Smooth Skin
Find that this foundation can make wrinkles look more pronounced,Soft/ Smooth Skin
Product will highlight any sort of texture on your skin.,Soft/ Smooth Skin
After years of a perfect complexion.,Soft/ Smooth Skin
Has a tendency to settle into fine lines,Soft/ Smooth Skin
Feels silky on the skin.,Soft/ Smooth Skin
Giving my face a great shine.,Soft/ Smooth Skin
Skin feel heavy,Soft/ Smooth Skin
Product is soft .,Soft/ Smooth Skin
Foundation is feels soft on i face.,Soft/ Smooth Skin
Smooth and holds up beautifully all day .,Soft/ Smooth Skin
Smooth canvas transforms the appearance of fine lines,Soft/ Smooth Skin
Love feel on the skin,Soft/ Smooth Skin
Soft looks great on my face,Soft/ Smooth Skin
Have your skin looking so smooth.,Soft/ Smooth Skin
Heavy on the skin,Soft/ Smooth Skin
It smooths on fairly easily,Soft/ Smooth Skin
Does not settle into fine lines,Soft/ Smooth Skin
Not only does it accentuate every wrinkle I have,Soft/ Smooth Skin
Product goes on very smoothly .,Soft/ Smooth Skin
Texture once applied had a powdery feel,Soft/ Smooth Skin
Does not settle into fine lines .,Soft/ Smooth Skin
Foundation has a smooth feel,Soft/ Smooth Skin
Product went on very smooth .,Soft/ Smooth Skin
Cosmetics cc+ cream covers some fine lines,Soft/ Smooth Skin
Does not settle in fine lines,Soft/ Smooth Skin
Application was not smooth . !,Soft/ Smooth Skin
Foundation goes on your face smooth,Soft/ Smooth Skin
Foundation feels smooth when applied.,Soft/ Smooth Skin
Skin feel tight,Soft/ Smooth Skin
Mandelic acid helps to smooth .,Soft/ Smooth Skin
Did not settle into wrinkles,Soft/ Smooth Skin
Product goes on smoothly,Soft/ Smooth Skin
Minimized my pores .,Soft/ Smooth Skin
Brand exudes a smooth skin tone,Soft/ Smooth Skin
Color dries down even darker,Soft/ Smooth Skin
Wrinkle stood out.,Soft/ Smooth Skin
Keeps the oil on my face controlled.,Soft/ Smooth Skin
One is smooth looks just like skin.,Soft/ Smooth Skin
Silky feels amazing on,Soft/ Smooth Skin
Smooth the lines .,Soft/ Smooth Skin
One worked on my aging skin.,Soft/ Smooth Skin
Instantly loved the smooth application,Soft/ Smooth Skin
Does nt settle into fine lines .,Soft/ Smooth Skin
Product does not have a bitter taste effective !,Taste Is Appealing
Was surprised with the taste of the Apple Cider Vinegar Gummy.,Taste Is Appealing
Do taste great,Taste Is Appealing
Also happy with the taste.,Taste Is Appealing
"Thankfully , they are delicious !",Taste Is Appealing
Apple cider vinegar gummies do not leave a bitter taste in your mouth .,Taste Is Appealing
Do appreciate this flavor.,Taste Is Appealing
Love the idea of apple cider vinegar being in a gummy !,Taste Is Appealing
Vitamin c caplets from the cvs brand come in an easy to open bottle.,Taste Is Appealing
Was surprised how good these apple cider vinegar gummies taste,Taste Is Appealing
Multivitamins are healthier,Taste Is Appealing
Gummies taste good,Taste Is Appealing
Gummies taste very good,Taste Is Appealing
Gummies are really good.,Taste Is Appealing
Love having a gummy version of vitamin,Taste Is Appealing
Texture of these gummies is fantastic too.,Taste Is Appealing
Do appreciate that the gummies themselvess are not artificially sweetened flavored though,Taste Is Appealing
Great alternative to that glass of wine.,Taste Is Appealing
Are very tasty,Taste Is Appealing
Multivitamin gummies for men are really tasty.,Taste Is Appealing
Flavor makes me excited to take my vitamin each day.,Taste Is Appealing
Really great flavor,Taste Is Appealing
750 mg vitamin c immune support gummies taste super good !,Taste Is Appealing
Taste really good I look forward to taking as an easy form to take.,Taste Is Appealing
Like these because they are sort of like having a little treat.,Taste Is Appealing
Tastes just like the name brand Emergen - C packets.,Taste Is Appealing
Vitamin C are great tasting,Taste Is Appealing
Love the taste of these gummies,Taste Is Appealing
Flavor is very good.,Taste Is Appealing
Was excited about these because i like other Walgreens brand products.,Taste Is Appealing
B You definitely need to try these ever so tasty gummies ! ! !,Taste Is Appealing
Love that i finally found gummy vitamins,Taste Is Appealing
Vitamins are flavorful .,Taste Is Appealing
Great tasting product !,Taste Is Appealing
Acv gummies are kind of sweet easy to chew .,Taste Is Appealing
Vitamins have a sweet candy flavor,Taste Is Appealing
Gummies are great.,Taste Is Appealing
4 year old granddaughter loves these vitamins,Taste Is Appealing
Kids are happy to take the nature made kids first multivitamin daily .,Taste Is Appealing
Flavor overall is good.,Taste Is Appealing
Gummies are flavorful.,Taste Is Appealing
Best part of my day is eating these gummies.,Taste Is Appealing
Vitamins do look like candy.,Taste Is Appealing
Gummies taste great.,Taste Is Appealing
Flavor is pleasant,Taste Is Appealing
Finally episode a video chew i can not wait to see all the health benefits,Taste Is Appealing
Vitamin C caplets from the CVS brand are easy to swallow.,Taste Is Appealing
"First off , these have a really great flavor",Taste Is Appealing
Loved the taste of his vitamins.,Taste Is Appealing
Like these gummies.,Taste Is Appealing
Not the best protein bars for nutritional reasons,Taste Is Unappealing
Bars are packed with protein,Taste Is Unappealing
Protein bars taste like a candy bar !,Taste Is Unappealing
Taste extremely lacking .,Taste Is Unappealing
Have tried better protein bars .,Taste Is Unappealing
Excellent idea just horrible execution on This protein bar .,Taste Is Unappealing
Most protein bars do not taste very good,Taste Is Unappealing
Usually stay away from protein bars because of that,Taste Is Unappealing
Protein bars are somewhat pricey,Taste Is Unappealing
Bars had a horrible taste to These bars,Taste Is Unappealing
Bars taste terrible .,Taste Is Unappealing
Flavors were not as listed .,Taste Is Unappealing
Flavor is disgusting .,Taste Is Unappealing
Are NOT your usual chalky protein bars .,Taste Is Unappealing
Flavor is not exactly milk chocolate,Taste Is Unappealing
Never tire of the taste .,Taste Is Unappealing
Little protein bar tasted .,Taste Is Unappealing
Are too chocolate for my taste,Taste Is Unappealing
Bars are not tasty at all .,Taste Is Unappealing
Vitamin does not smell,Taste Is Unappealing
Unfortunately these bars taste awful too sweet .,Taste Is Unappealing
Bars is high protein .,Taste Is Unappealing
Most artificial tasting protein bar I have ever had from Pure Protein .,Taste Is Unappealing
Not a good flavor,Taste Is Unappealing
Products had very little caramel flavor,Taste Is Unappealing
Did not like the flavors other,Taste Is Unappealing
Still can not get the gross taste,Taste Is Unappealing
Taste is not great .,Taste Is Unappealing
Look for protein bars to help with a low carb way of eating,Taste Is Unappealing
Do not like any of every other flavor,Taste Is Unappealing
Gummies the gummies themselvess do not taste good.,Taste Is Unappealing
Taste was awful !,Taste Is Unappealing
Protein bar are low calorie .,Taste Is Unappealing
Order some Cliffs if you are in the market for protein bars you will not regret Order,Taste Is Unappealing
Bars are not flavorful at all,Taste Is Unappealing
Have a tough time finding a healthier protein bar,Taste Is Unappealing
Flavor is not pleasant,Taste Is Unappealing
Has a terrible taste,Taste Is Unappealing
Can make this protein bar would be better,Taste Is Unappealing
Had a weird taste,Taste Is Unappealing
Did not care for the taste .,Taste Is Unappealing
Vitamins leave me throwing up.,Taste Is Unappealing
Most protein bars taste nasty,Taste Is Unappealing
Protein bars are just candy bars in disguise .,Taste Is Unappealing
Bars do not these bars taste like a candy bar,Taste Is Unappealing
"Did not receive a bunch of random flavors , disappointed .",Taste Is Unappealing
Wish it had more caramel flavor to it .,Taste Is Unappealing
Salted caramel are disgusting,Taste Is Unappealing
Good protein meal replacement bars are the worst .,Taste Is Unappealing
Could not taste the chocolate at all .,Taste Is Unappealing
Like these gummies much more then traditional melatonin supplements.,Would Recommend Product
Brand childrens melatonin gummies are just right to help .,Would Recommend Product
Gummies are perfect.,Would Recommend Product
Gummies help me to get the benefits without the awful taste.,Would Recommend Product
Will say these gummies really do help you relax .,Would Recommend Product
Big recommend.,Would Recommend Product
10:10 recommend !,Would Recommend Product
"Overall , the sleep gummies have been working well for me",Would Recommend Product
Quick melt melatonin seem to work fast to help with a restful sleep,Would Recommend Product
Use these vitamins daily .,Would Recommend Product
10 mg melatonin chewables are perfect for you on those nights,Would Recommend Product
Would recommend.,Would Recommend Product
Would recommend,Would Recommend Product
Gummies work great for my husband,Would Recommend Product
Definitely recommend.,Would Recommend Product
Would definitely recommend this product to anyone,Would Recommend Product
Gummy form is perfect for us !,Would Recommend Product
Would recommend this product,Would Recommend Product
Melatonin tablets are great !,Would Recommend Product
Highly recommend this prebiotic if you like gummies instead .,Would Recommend Product
Melatonin supplements also may provide some relief from insomnia .,Would Recommend Product
Recommend anyone needing a prenatal try them.,Would Recommend Product
Would recommend these to family.,Would Recommend Product
Apple cider gummies are part of my morning routine.,Would Recommend Product
First try with this brand.,Would Recommend Product
Gummies are hands down the best melatonin I have ever used.,Would Recommend Product
Gummies are good for my gut,Would Recommend Product
Tend to sleep better when I take these magnesium gummies regularly.,Would Recommend Product
Gummies are really east to take,Would Recommend Product
Is a great start !,Would Recommend Product
Gummies actually work !,Would Recommend Product
Melatonin does help i sleep within 30 minutes,Would Recommend Product
Am happy that I was able to try these.,Would Recommend Product
Gummies worked great,Would Recommend Product
Cvs melatonin really helped me fall asleep faster,Would Recommend Product
Apple cider vinegar gummies helped me with my health.,Would Recommend Product
Natures bounty gummies work you get your rest through the night.,Would Recommend Product
Definitely worth trying out !,Would Recommend Product
Highly recommend !,Would Recommend Product
Would definitely recommend these to anyone,Would Recommend Product
Beauty jade roller is a piece of cake to use.,Would Recommend Product
Magnesium glycinate capsules worked as well as the magnesium I have been using.,Would Recommend Product
Very highly recommend these.,Would Recommend Product
Great vitamins,Would Recommend Product
Had my teenage daughter try the cvs time released melatonin as well.,Would Recommend Product
Would definitely recommend to give this one a try !,Would Recommend Product
Sleep3 from natures bounty does the trick.,Would Recommend Product
Is much better than taking a gooey gummy.,Would Recommend Product
Would buy these in the future.,Would Recommend Product
"Apple cider vinegar , gummys taste great",Would Recommend Product
Sometimes products tend to just sit on top,Feel
Serum was perfect,Serum Types
Was able to get great Coverage with this foundation.,Coverage
Slight tacky feel only lasted about a minute before my skin felt completely dry .,Feel
Is enough coverage on the first layer,Coverage
Tasted awful .,Taste Is Unappealing
Fine lines were slightly diminished .,Soft/ Smooth Skin
Doesnt smell very nice.,Product Performance
"For me , this product would not be worth the $ 140 to purchase.",Shopping
Know I like the smell of it.,Product Performance
Serum was perfect,Product Performance
Foundation did not help !,Effectiveness
Have not really noticed a difference though.,Effectiveness
Have not been able to see a ton of results,Effectiveness
Was able to get great Coverage with this foundation.,Effectiveness
Would recommend this foundation.,Recommendations
Slight tacky feel only lasted about a minute before my skin felt completely dry .,Skin Condition
Tasted awful .,Product Performance
Would buy again just in a different flavor if all possible,Shopping
Doesnt smell very nice.,Fragrance
"For me , this product would not be worth the $ 140 to purchase.",Brand/ Product
Know I like the smell of it.,Fragrance
Foundation did not help !,Brand/ Product
Lancome teint foundationss is my new favorite,Brand/ Product
Really like the fact,Brand/ Product
Over all a good foundation to use.,Brand/ Product
Was able to get great Coverage with this foundation.,Brand/ Product
Foundation is blends into the skin so nicely over i skincare prep,Brand/ Product
Would recommend this foundation.,Brand/ Product
Is enough coverage on the first layer,Brand/ Product
Would buy again just in a different flavor if all possible,Would Recommend Product
Foundation also offers great matte coverage.,Coverage
Not full coverage.,Coverage
Lightest color is a tad too dark,Appearance on skin (looks/ finish)
Horrible fishy taste,Taste Is Unappealing
Is light for a full coverage.,Coverage
Product feels so nice on the skin,Feel
To mention this serum has a tendency to oxidize before you have a chance to finish this serum.,Serum Types
Wear care foundation has a good coverage,Coverage
Am not a huge fan of caramel,Taste Is Unappealing
Di do not leave my face feeling .,Feel
M not fond of the smell .,Product Performance
Exact color shade was oxidizing,Color
Lightest color is a tad too dark,Color
Horrible fishy taste,Product Performance
Product feels so nice on the skin,Product Performance
Looks amazing.,Love The Product
Great results in just a week.,Effectiveness
Really trust this brand its approved by the drug admin.,Shopping
Di do not leave my face feeling .,Skin Condition
Slight smell is a bit perfumey .,Product Performance
Foundation also offers great matte coverage.,Brand/ Product
Not full coverage.,Brand/ Product
M not fond of the smell .,Fragrance
Is light for a full coverage.,Brand/ Product
Product feels so nice on the skin,Healthy Skin
To mention this serum has a tendency to oxidize before you have a chance to finish this serum.,Brand/ Product
Great results in just a week.,Would Recommend Product
Wear care foundation has a good coverage,Brand/ Product
Really trust this brand its approved by the drug admin.,Brand/ Product
Slight smell is a bit perfumey .,Fragrance
Foundation worked beautifully on my combo dry Skin.,Brand/ Product
Are very harsh on the skin.,Feel
Skin felt clean.,Feel
Product is great for helping you sleep .,Improves Sleep for me and my family
Serum foundation helps my skin glow.,Serum Types
Serum feels great,Serum Types
Am beginning to see the texture of i skin Change.,Feel
Foundation is buildable,Coverage
Have a great flavor !,Taste Is Appealing
Product also helps stay asleep,Improves Sleep for me and my family
Things taste TERRIBLE,Taste Is Unappealing
Serum is extremely hydrating !,Serum Types
Taste leaves al lot to be desired,Taste Is Unappealing
Gummies really help you sleeping.,Improves Sleep for me and my family
Serum feels really comfortable on my skin,Serum Types
Are very harsh on the skin.,Skin Condition
Skin felt clean.,Skin Condition
Negative is the actual package is a bit awkward to remove the product.,Shopping
Product is great for helping you sleep .,Love The Product
Skin became dry itchy,Skin Condition
Serum foundation helps my skin glow.,Skin Condition
Serum feels great,Product Performance
Am beginning to see the texture of i skin Change.,Skin Condition
Have a great flavor !,Love The Product
Am not a fan of the fragrance.,Product Performance
Serum is extremely hydrating !,Product Performance
Buy one Lancome product,Shopping
Taste leaves al lot to be desired,Product Performance
Gummies really help you sleeping.,Love The Product
Serum feels really comfortable on my skin,Product Performance
Skin felt clean.,Healthy Skin
Negative is the actual package is a bit awkward to remove the product.,Brand/ Product
Product is great for helping you sleep .,Would Recommend Product
Serum foundation helps my skin glow.,Healthy Skin
Serum feels great,Healthy Skin
Foundation is buildable,Brand/ Product
Product also helps stay asleep,Would Recommend Product
Am not a fan of the fragrance.,Fragrance
Serum is extremely hydrating !,Healthy Skin
Gummies really help you sleeping.,Would Recommend Product
Do not taste like chocolate at all,Taste Is Unappealing
Still have some product look flaky in my dry spots,Feel
Face serum is very hydrating.,Serum Types
Am writing because I can not tell that with regular sleep pills I would suggest trying them if your having trouble sleeping.,Improves Sleep for me and my family
Great coverage,Coverage
Creams makes my face greasy,Feel
"B "" The Natures Bounty Sleep3 Gummies are a great option for someone looking for a little help getting a restful sleep.",Improves Sleep for me and my family
Has helped my kids fall asleep .,Improves Sleep for me and my family
Definitely notice a difference in the appearance of my skin.,Appearance on skin (looks/ finish)
Swore that i would never buy SkinCeuticals CE Ferulic Serum,Serum Types
Do not taste like chocolate at all,Product Performance
Still have some product look flaky in my dry spots,Skin Condition
Think this product would be better for someone with normal skin type !,Skin Condition
Face serum is very hydrating.,Product Performance
Product did exactly as promised,Shopping
Highly recommend this product to everyone,Recommendations
Other products from other vendors that are better in price.,Shopping
Creams makes my face greasy,Skin Condition
"Luxury price tag , I m not that impressed .",Shopping
Had a breakout because its oily,Skin Condition
"B "" The Natures Bounty Sleep3 Gummies are a great option for someone looking for a little help getting a restful sleep.",Love The Product
No strong smell,Product Performance
Definitely notice a difference in the appearance of my skin.,Skin Condition
Definitely noticed a huge difference in sun spots from the summer Sun.,Skin Condition
Have noticed a significant improvement when using this product.,Effectiveness
Swore that i would never buy SkinCeuticals CE Ferulic Serum,Shopping
Face serum is very hydrating.,Healthy Skin
Product did exactly as promised,Brand/ Product
Highly recommend this product to everyone,Would Recommend Product
Great coverage,Brand/ Product
Had a breakout because its oily,Brand/ Product
"B "" The Natures Bounty Sleep3 Gummies are a great option for someone looking for a little help getting a restful sleep.",Would Recommend Product
Genetic rose floral smell is wish Luxe brands would break away from.,Fragrance
No strong smell,Fragrance
Has helped my kids fall asleep .,Would Recommend Product
Definitely notice a difference in the appearance of my skin.,Healthy Skin
Have noticed a significant improvement when using this product.,Brand/ Product
Noticed that wrinkles disappeared.,Appearance on skin (looks/ finish)
Noticed a few dry patches,Feel
Foundation is not completely matte,Appearance on skin (looks/ finish)
Feels great on my oily skin.,Feel
Were some of the worst protein bars I have ever tasted,Taste Is Unappealing
Highly recommend adding this serum,Serum Types
"Now , I am left w out a serum option from Clinique.",Serum Types
Do have discoloration so .,Appearance on skin (looks/ finish)
Have bad wrinkles under my eyes,Appearance on skin (looks/ finish)
Made me feel Lie my skin is flawless,Appearance on skin (looks/ finish)
Wrinkles I ve been fighting as I get older.,Skin Condition
Noticed that wrinkles disappeared.,Soft/ Smooth Skin
Love them,Love The Product
Mens vitamins have a good vitamin profile .,Love The Product
Bars are good that I have to force myself to just eat one,Love The Product
Noticed a few dry patches,Skin Condition
Smell is not too strong.,Product Performance
Feels great on my oily skin.,Skin Condition
Highly recommend adding this serum,Effectiveness
"Now , I am left w out a serum option from Clinique.",Shopping
Will not be continuing to buy.,Shopping
Do have discoloration so .,Skin Condition
Was worried about getting a rash.,Skin Condition
Magnesium glycinate capsules are easy on my stomach,Love The Product
Have bad wrinkles under my eyes,Skin Condition
Of irritation retinol can cause.,Skin Condition
Made me feel Lie my skin is flawless,Skin Condition
Noticed that wrinkles disappeared.,Healthy Skin
Love them,Would Recommend Product
Bars are good that I have to force myself to just eat one,Would Recommend Product
Foundation is not completely matte,Brand/ Product
Smell is not too strong.,Fragrance
Feels great on my oily skin.,Healthy Skin
Highly recommend adding this serum,Would Recommend Product
Will not be continuing to buy.,Brand/ Product
Made me feel Lie my skin is flawless,Healthy Skin
Melatonin work fantastically !,Improves Sleep for me and my family
Feel like I have a deeper sleep with dreams .,Improves Sleep for me and my family
Wish these bars had more flavor,Taste Is Unappealing
Foundation is still quite matte on me.,Appearance on skin (looks/ finish)
Serums good,Serum Types
Got to try the Natures Bounty Sleep 3 Gummies have helped me fall asleep faster !,Improves Sleep for me and my family
Taste absolutely horrible,Taste Is Unappealing
Sper lightweight feeling,Feel
Efficacy makes a worthwhile investment.,Effectiveness
Pores look tiny,Soft/ Smooth Skin
After a couple hours my skin became irritated .,Skin Condition
Strong perfume smell they put in this one.,Product Performance
Melatonin work fantastically !,Love The Product
Will definitely buy these magnesium gummies !,Love The Product
Look like I have sunburns peeling all over my face.,Skin Condition
Wrinkles are appearing less noticeable - not as deep .,Soft/ Smooth Skin
Really like the light scent .,Product Performance
Color had a little too much yellow in the color,Color
Got to try the Natures Bounty Sleep 3 Gummies have helped me fall asleep faster !,Love The Product
Have been completely amazed at how different my joints feel since I started taking this.,Love The Product
Sper lightweight feeling,Product Performance
Did not blend as much as I would like,Product Performance
Pores look tiny,Healthy Skin
Strong perfume smell they put in this one.,Fragrance
Melatonin work fantastically !,Would Recommend Product
Will definitely buy these magnesium gummies !,Would Recommend Product
Really like the light scent .,Fragrance
Foundation is still quite matte on me.,Brand/ Product
Color had a little too much yellow in the color,Brand/ Product
Got to try the Natures Bounty Sleep 3 Gummies have helped me fall asleep faster !,Would Recommend Product
Have been completely amazed at how different my joints feel since I started taking this.,Would Recommend Product
Did not blend as much as I would like,Brand/ Product
Coverage is buildable without crossing the line into mask like.,Coverage
Less coverage,Coverage
Even coverage,Coverage
Flavor is almost non - existent,Taste Is Unappealing
Skin looks amazing,Appearance on skin (looks/ finish)
The fragrance in the product broke me out.,Product Performance
Coverage is buildable without crossing the line into mask like.,Effectiveness
Just do not think I notice any improvements to my skin.,Skin Condition
Does not really have a heavy scent or anything,Product Performance
Fragrance is nt very strong .,Product Performance
Do have some inconsistency in skin.,Skin Condition
Stop changing products Clinique clinique losing customers !.,Shopping
Can not see much of a difference yet.,Effectiveness
Flavor is almost non - existent,Product Performance
Will not be purchasing again.,Shopping
Will buy in the future.,Shopping
"Absolutely no change in "" real "" Wrinkles",Soft/ Smooth Skin
Did not see much of a result .,Effectiveness
The fragrance in the product broke me out.,Fragrance
Coverage is buildable without crossing the line into mask like.,Brand/ Product
Does not really have a heavy scent or anything,Fragrance
Fragrance is nt very strong .,Fragrance
Stop changing products Clinique clinique losing customers !.,Brand/ Product
Even coverage,Brand/ Product
Is difficult for me to find a foundation,Brand/ Product
Will not be purchasing again.,Brand/ Product
Will buy in the future.,Brand/ Product
Skin looks amazing,Healthy Skin
Did not see much of a result .,Brand/ Product
Liked the serum.,Serum Types
Skin became visibly glower with a week of daily usage.,Appearance on skin (looks/ finish)
"Feels heavy on i skin , sticky .",Feel
First few weeks using the cream your skin flakes,Feel
Makes my skin look better overall,Appearance on skin (looks/ finish)
Natural full coverage,Coverage
When I applied this in day time it is like my face is so oily.,Feel
Was a smooth finish.,Appearance on skin (looks/ finish)
Skin became visibly glower with a week of daily usage.,Skin Condition
"Feels heavy on i skin , sticky .",Skin Condition
Was able to tone the color i received down with some other shades.,Color
Issue is with my oily skin,Skin Condition
Smells really bad !.,Product Performance
Darker shades available makes it confusing when trying to color match online.,Color
First few weeks using the cream your skin flakes,Skin Condition
Wow was i beyond impressed !,Effectiveness
Foundation works really well on my oily skin,Skin Condition
Makes my skin look better overall,Skin Condition
Did not notice any major improvements in my skin after 7 days .,Skin Condition
When I applied this in day time it is like my face is so oily.,Skin Condition
Like the smell of the product too.,Product Performance
Loved the smell of this !,Product Performance
Was a smooth finish.,Soft/ Smooth Skin
Liked the serum.,Brand/ Product
Skin became visibly glower with a week of daily usage.,Healthy Skin
Smells really bad !.,Fragrance
Coverage did not match the tone,Brand/ Product
Darker shades available makes it confusing when trying to color match online.,Brand/ Product
Wow was i beyond impressed !,Brand/ Product
Foundation works really well on my oily skin,Brand/ Product
Foundation Powder I usually wear .,Brand/ Product
Makes my skin look better overall,Healthy Skin
Appreciate rhe amount of protein per bar,Brand/ Product
Like the smell of the product too.,Fragrance
Loved the smell of this !,Fragrance
Covers everything I need to cover,Coverage
Have noticed that the matte finish can be a bit drying .,Feel
Problem is no matter This dries my skin .,Feel
Matte foundation is not the best right now .,Appearance on skin (looks/ finish)
Far after trying this product for a week I was able to sleep !,Improves Sleep for me and my family
Have been using Lancome for many years now,Multi Use
Would recommend this foundation to anyone who likes long lasting foundations,Recommendations
Product does work.,Effectiveness
Thought it smelled nice .,Product Performance
Foundation is a game changer !,Effectiveness
Am seeing results like i have never had Before,Effectiveness
Found this formula disappointing,Effectiveness
Maybe I am using this item wrong all together .,Shopping
Have noticed that the matte finish can be a bit drying .,Product Performance
Overall the worst money I ve ever spent at Ulta.,Shopping
Problem is no matter This dries my skin .,Skin Condition
Was Tan this shade would probably match,Color
Gummies have been a great addition to my nightly routine.,Love The Product
Does nt cause breakouts sensitive skin,Skin Condition
Would recommend this foundation to anyone who likes long lasting foundations,Brand/ Product
Product does work.,Would Recommend Product
Thought it smelled nice .,Fragrance
Foundation is a game changer !,Brand/ Product
Found this formula disappointing,Brand/ Product
Covers everything I need to cover,Brand/ Product
Consistency is okay.,Brand/ Product
Matte foundation is not the best right now .,Brand/ Product
Gummies have been a great addition to my nightly routine.,Would Recommend Product
Have been using Lancome for many years now,Brand/ Product
Fit me Foundation goes on more matte,Appearance on skin (looks/ finish)
Will definitely be purchasing a full - sized bottle of this serum.,Serum Types
Wrinkles in my forehead are not as defined .,Appearance on skin (looks/ finish)
Great product I use everyday !,Multi Use
Also enjoy that this lancome care foundation is sort of a soft matte finish,Appearance on skin (looks/ finish)
Stay asleep longer,Improves Sleep for me and my family
For some reason is just fake tasting .,Taste Is Unappealing
Coverage Great for all day use.,Coverage
Product works really well under my eye .,Effectiveness
Did not see really any difference.,Effectiveness
Weird smell .,Product Performance
Will definitely be purchasing a full - sized bottle of this serum.,Shopping
Wrinkles in my forehead are not as defined .,Skin Condition
Also enjoy that this lancome care foundation is sort of a soft matte finish,Soft/ Smooth Skin
Gives me really good results,Effectiveness
Seems like the bottle will last for quite some time !,Effectiveness
For some reason is just fake tasting .,Product Performance
Husband says this one are amazing.,Love The Product
Coverage Great for all day use.,Effectiveness
Will continue taking these thank you so much !,Love The Product
Have a lot of scarring,Skin Condition
Product works really well under my eye .,Brand/ Product
Did not see really any difference.,Brand/ Product
Fit me Foundation goes on more matte,Brand/ Product
Weird smell .,Fragrance
"Did not like this foundation , one bit.",Brand/ Product
Will definitely be purchasing a full - sized bottle of this serum.,Brand/ Product
Di do not love the smell of it at first,Fragrance
Wrinkles in my forehead are not as defined .,Healthy Skin
Great product I use everyday !,Would Recommend Product
Foundation DOES have a scent,Fragrance
Also enjoy that this lancome care foundation is sort of a soft matte finish,Brand/ Product
Gives me really good results,Would Recommend Product
Husband says this one are amazing.,Would Recommend Product
Coverage Great for all day use.,Brand/ Product
Will continue taking these thank you so much !,Would Recommend Product
